Task Type,Arrival Time,Finishing Time,Period,Time To Deadline,Task ID
soft,0,1,,,H1
soft,0,3,,,H2
soft,4,5,,,H1
soft,2,7,,,S1
soft,8,9,,,H1
soft,6,10,,,H2
soft,8,11,,,S2
soft,12,13,,,H1
soft,12,15,,,H2
soft,16,17,,,H1
soft,12,18,,,S3
soft,18,20,,,H2
soft,20,21,,,H1
soft,19,22,,,S4
soft,24,25,,,H1
soft,24,27,,,H2
soft,28,29,,,H1
soft,30,32,,,H2
soft,32,33,,,H1
soft,36,37,,,H1
soft,36,39,,,H2
soft,40,41,,,H1
soft,42,44,,,H2
soft,44,45,,,H1
soft,48,49,,,H1
soft,48,51,,,H2
soft,52,53,,,H1
soft,54,56,,,H2
soft,56,57,,,H1
soft,60,61,,,H1
soft,60,63,,,H2
soft,64,65,,,H1
soft,66,68,,,H2
soft,68,69,,,H1
soft,72,73,,,H1
soft,72,75,,,H2
soft,76,77,,,H1
soft,78,80,,,H2
soft,80,81,,,H1
soft,84,85,,,H1
soft,84,87,,,H2
soft,88,89,,,H1
soft,90,92,,,H2
soft,92,93,,,H1
soft,96,97,,,H1
soft,96,99,,,H2
soft,100,101,,,H1
soft,102,104,,,H2
soft,104,105,,,H1
soft,108,109,,,H1
soft,108,111,,,H2
soft,112,113,,,H1
soft,114,116,,,H2
soft,116,117,,,H1
soft,120,121,,,H1
soft,120,123,,,H2
soft,124,125,,,H1
soft,126,128,,,H2
soft,128,129,,,H1
soft,132,133,,,H1
soft,132,135,,,H2
soft,136,137,,,H1
soft,138,140,,,H2
soft,140,141,,,H1
soft,144,145,,,H1
soft,144,147,,,H2
soft,148,149,,,H1
soft,150,152,,,H2
soft,152,153,,,H1
soft,156,157,,,H1
soft,156,159,,,H2
soft,160,161,,,H1
soft,162,164,,,H2
soft,164,165,,,H1
soft,168,169,,,H1
soft,168,171,,,H2
soft,172,173,,,H1
soft,174,176,,,H2
soft,176,177,,,H1
soft,180,181,,,H1
soft,180,183,,,H2
soft,184,185,,,H1
soft,186,188,,,H2
soft,188,189,,,H1
soft,192,193,,,H1
soft,192,195,,,H2
soft,196,197,,,H1
soft,198,200,,,H2
soft,200,201,,,H1
soft,204,205,,,H1
soft,204,207,,,H2
soft,208,209,,,H1
soft,210,212,,,H2
soft,212,213,,,H1
soft,216,217,,,H1
soft,216,219,,,H2
soft,220,221,,,H1
soft,222,224,,,H2
soft,224,225,,,H1
soft,228,229,,,H1
soft,228,231,,,H2
soft,232,233,,,H1
soft,234,236,,,H2
soft,236,237,,,H1
soft,240,241,,,H1
soft,240,243,,,H2
soft,244,245,,,H1
soft,246,248,,,H2
soft,248,249,,,H1
soft,252,253,,,H1
soft,252,255,,,H2
soft,256,257,,,H1
soft,258,260,,,H2
soft,260,261,,,H1
soft,264,265,,,H1
soft,264,267,,,H2
soft,268,269,,,H1
soft,270,272,,,H2
soft,272,273,,,H1
soft,276,277,,,H1
soft,276,279,,,H2
soft,280,281,,,H1
soft,282,284,,,H2
soft,284,285,,,H1
soft,288,289,,,H1
soft,288,291,,,H2
soft,292,293,,,H1
soft,294,296,,,H2
soft,296,297,,,H1
soft,300,301,,,H1
soft,300,303,,,H2
soft,304,305,,,H1
soft,306,308,,,H2
soft,308,309,,,H1
soft,312,313,,,H1
soft,312,315,,,H2
soft,316,317,,,H1
soft,318,320,,,H2
soft,320,321,,,H1
soft,324,325,,,H1
soft,324,327,,,H2
soft,328,329,,,H1
soft,330,332,,,H2
soft,332,333,,,H1
soft,336,337,,,H1
soft,336,339,,,H2
soft,340,341,,,H1
soft,342,344,,,H2
soft,344,345,,,H1
soft,348,349,,,H1
soft,348,351,,,H2
soft,352,353,,,H1
soft,354,356,,,H2
soft,356,357,,,H1
soft,360,361,,,H1
soft,360,363,,,H2
soft,364,365,,,H1
soft,366,368,,,H2
soft,368,369,,,H1
soft,372,373,,,H1
soft,372,375,,,H2
soft,376,377,,,H1
soft,378,380,,,H2
soft,380,381,,,H1
soft,384,385,,,H1
soft,384,387,,,H2
soft,388,389,,,H1
soft,390,392,,,H2
soft,392,393,,,H1
soft,396,397,,,H1
soft,396,399,,,H2
soft,400,401,,,H1
soft,402,404,,,H2
soft,404,405,,,H1
soft,408,409,,,H1
soft,408,411,,,H2
soft,412,413,,,H1
soft,414,416,,,H2
soft,416,417,,,H1
soft,420,421,,,H1
soft,420,423,,,H2
soft,424,425,,,H1
soft,426,428,,,H2
soft,428,429,,,H1
soft,432,433,,,H1
soft,432,435,,,H2
soft,436,437,,,H1
soft,438,440,,,H2
soft,440,441,,,H1
soft,444,445,,,H1
soft,444,447,,,H2
soft,448,449,,,H1
soft,450,452,,,H2
soft,452,453,,,H1
soft,456,457,,,H1
soft,456,459,,,H2
soft,460,461,,,H1
soft,462,464,,,H2
soft,464,465,,,H1
soft,468,469,,,H1
soft,468,471,,,H2
soft,472,473,,,H1
soft,474,476,,,H2
soft,476,477,,,H1
soft,480,481,,,H1
soft,480,483,,,H2
soft,484,485,,,H1
soft,486,488,,,H2
soft,488,489,,,H1
soft,492,493,,,H1
soft,492,495,,,H2
soft,496,497,,,H1
soft,498,500,,,H2
soft,500,501,,,H1
soft,504,505,,,H1
soft,504,507,,,H2
soft,508,509,,,H1
soft,510,512,,,H2
soft,512,513,,,H1
soft,516,517,,,H1
soft,516,519,,,H2
soft,520,521,,,H1
soft,522,524,,,H2
soft,524,525,,,H1
soft,528,529,,,H1
soft,528,531,,,H2
soft,532,533,,,H1
soft,534,536,,,H2
soft,536,537,,,H1
soft,540,541,,,H1
soft,540,543,,,H2
soft,544,545,,,H1
soft,546,548,,,H2
soft,548,549,,,H1
soft,552,553,,,H1
soft,552,555,,,H2
soft,556,557,,,H1
soft,558,560,,,H2
soft,560,561,,,H1
soft,564,565,,,H1
soft,564,567,,,H2
soft,568,569,,,H1
soft,570,572,,,H2
soft,572,573,,,H1
soft,576,577,,,H1
soft,576,579,,,H2
soft,580,581,,,H1
soft,582,584,,,H2
soft,584,585,,,H1
soft,588,589,,,H1
soft,588,591,,,H2
soft,592,593,,,H1
soft,594,596,,,H2
soft,596,597,,,H1
soft,600,601,,,H1
soft,600,603,,,H2
soft,604,605,,,H1
soft,606,608,,,H2
soft,608,609,,,H1
soft,612,613,,,H1
soft,612,615,,,H2
soft,616,617,,,H1
soft,618,620,,,H2
soft,620,621,,,H1
soft,624,625,,,H1
soft,624,627,,,H2
soft,628,629,,,H1
soft,630,632,,,H2
soft,632,633,,,H1
soft,636,637,,,H1
soft,636,639,,,H2
soft,640,641,,,H1
soft,642,644,,,H2
soft,644,645,,,H1
soft,648,649,,,H1
soft,648,651,,,H2
soft,652,653,,,H1
soft,654,656,,,H2
soft,656,657,,,H1
soft,660,661,,,H1
soft,660,663,,,H2
soft,664,665,,,H1
soft,666,668,,,H2
soft,668,669,,,H1
soft,672,673,,,H1
soft,672,675,,,H2
soft,676,677,,,H1
soft,678,680,,,H2
soft,680,681,,,H1
soft,684,685,,,H1
soft,684,687,,,H2
soft,688,689,,,H1
soft,690,692,,,H2
soft,692,693,,,H1
soft,696,697,,,H1
soft,696,699,,,H2
soft,700,701,,,H1
soft,702,704,,,H2
soft,704,705,,,H1
soft,708,709,,,H1
soft,708,711,,,H2
soft,712,713,,,H1
soft,714,716,,,H2
soft,716,717,,,H1
soft,720,721,,,H1
soft,720,723,,,H2
soft,724,725,,,H1
soft,726,728,,,H2
soft,728,729,,,H1
soft,732,733,,,H1
soft,732,735,,,H2
soft,736,737,,,H1
soft,738,740,,,H2
soft,740,741,,,H1
soft,744,745,,,H1
soft,744,747,,,H2
soft,748,749,,,H1
soft,750,752,,,H2
soft,752,753,,,H1
soft,756,757,,,H1
soft,756,759,,,H2
soft,760,761,,,H1
soft,762,764,,,H2
soft,764,765,,,H1
soft,768,769,,,H1
soft,768,771,,,H2
soft,772,773,,,H1
soft,774,776,,,H2
soft,776,777,,,H1
soft,780,781,,,H1
soft,780,783,,,H2
soft,784,785,,,H1
soft,786,788,,,H2
soft,788,789,,,H1
soft,792,793,,,H1
soft,792,795,,,H2
soft,796,797,,,H1
soft,798,800,,,H2
soft,800,801,,,H1
soft,804,805,,,H1
soft,804,807,,,H2
soft,808,809,,,H1
soft,810,812,,,H2
soft,812,813,,,H1
soft,816,817,,,H1
soft,816,819,,,H2
soft,820,821,,,H1
soft,822,824,,,H2
soft,824,825,,,H1
soft,828,829,,,H1
soft,828,831,,,H2
soft,832,833,,,H1
soft,834,836,,,H2
soft,836,837,,,H1
soft,840,841,,,H1
soft,840,843,,,H2
soft,844,845,,,H1
soft,846,848,,,H2
soft,848,849,,,H1
soft,852,853,,,H1
soft,852,855,,,H2
soft,856,857,,,H1
soft,858,860,,,H2
soft,860,861,,,H1
soft,864,865,,,H1
soft,864,867,,,H2
soft,868,869,,,H1
soft,870,872,,,H2
soft,872,873,,,H1
soft,876,877,,,H1
soft,876,879,,,H2
soft,880,881,,,H1
soft,882,884,,,H2
soft,884,885,,,H1
soft,888,889,,,H1
soft,888,891,,,H2
soft,892,893,,,H1
soft,894,896,,,H2
soft,896,897,,,H1
soft,900,901,,,H1
soft,900,903,,,H2
soft,904,905,,,H1
soft,906,908,,,H2
soft,908,909,,,H1
soft,912,913,,,H1
soft,912,915,,,H2
soft,916,917,,,H1
soft,918,920,,,H2
soft,920,921,,,H1
soft,924,925,,,H1
soft,924,927,,,H2
soft,928,929,,,H1
soft,930,932,,,H2
soft,932,933,,,H1
soft,936,937,,,H1
soft,936,939,,,H2
soft,940,941,,,H1
soft,942,944,,,H2
soft,944,945,,,H1
soft,948,949,,,H1
soft,948,951,,,H2
soft,952,953,,,H1
soft,954,956,,,H2
soft,956,957,,,H1
soft,960,961,,,H1
soft,960,963,,,H2
soft,964,965,,,H1
soft,966,968,,,H2
soft,968,969,,,H1
soft,972,973,,,H1
soft,972,975,,,H2
soft,976,977,,,H1
soft,978,980,,,H2
soft,980,981,,,H1
soft,984,985,,,H1
soft,984,987,,,H2
soft,988,989,,,H1
soft,990,992,,,H2
soft,992,993,,,H1
soft,996,997,,,H1
soft,996,999,,,H2
soft,1000,1001,,,H1
soft,1002,1004,,,H2
soft,1004,1005,,,H1
soft,1008,1009,,,H1
soft,1008,1011,,,H2
soft,1012,1013,,,H1
soft,1014,1016,,,H2
soft,1016,1017,,,H1
soft,1020,1021,,,H1
soft,1020,1023,,,H2
soft,1024,1025,,,H1
soft,1026,1028,,,H2
soft,1028,1029,,,H1
soft,1032,1033,,,H1
soft,1032,1035,,,H2
soft,1036,1037,,,H1
soft,1038,1040,,,H2
soft,1040,1041,,,H1
soft,1044,1045,,,H1
soft,1044,1047,,,H2
soft,1048,1049,,,H1
soft,1050,1052,,,H2
soft,1052,1053,,,H1
soft,1056,1057,,,H1
soft,1056,1059,,,H2
soft,1060,1061,,,H1
soft,1062,1064,,,H2
soft,1064,1065,,,H1
soft,1068,1069,,,H1
soft,1068,1071,,,H2
soft,1072,1073,,,H1
soft,1074,1076,,,H2
soft,1076,1077,,,H1
soft,1080,1081,,,H1
soft,1080,1083,,,H2
soft,1084,1085,,,H1
soft,1086,1088,,,H2
soft,1088,1089,,,H1
soft,1092,1093,,,H1
soft,1092,1095,,,H2
soft,1096,1097,,,H1
soft,1098,1100,,,H2
soft,1100,1101,,,H1
soft,1104,1105,,,H1
soft,1104,1107,,,H2
soft,1108,1109,,,H1
soft,1110,1112,,,H2
soft,1112,1113,,,H1
soft,1116,1117,,,H1
soft,1116,1119,,,H2
soft,1120,1121,,,H1
soft,1122,1124,,,H2
soft,1124,1125,,,H1
soft,1128,1129,,,H1
soft,1128,1131,,,H2
soft,1132,1133,,,H1
soft,1134,1136,,,H2
soft,1136,1137,,,H1
soft,1140,1141,,,H1
soft,1140,1143,,,H2
soft,1144,1145,,,H1
soft,1146,1148,,,H2
soft,1148,1149,,,H1
soft,1152,1153,,,H1
soft,1152,1155,,,H2
soft,1156,1157,,,H1
soft,1158,1160,,,H2
soft,1160,1161,,,H1
soft,1164,1165,,,H1
soft,1164,1167,,,H2
soft,1168,1169,,,H1
soft,1170,1172,,,H2
soft,1172,1173,,,H1
soft,1176,1177,,,H1
soft,1176,1179,,,H2
soft,1180,1181,,,H1
soft,1182,1184,,,H2
soft,1184,1185,,,H1
soft,1188,1189,,,H1
soft,1188,1191,,,H2
soft,1192,1193,,,H1
soft,1194,1196,,,H2
soft,1196,1197,,,H1
soft,1200,1201,,,H1
soft,1200,1203,,,H2
soft,1204,1205,,,H1
soft,1206,1208,,,H2
soft,1208,1209,,,H1
soft,1212,1213,,,H1
soft,1212,1215,,,H2
soft,1216,1217,,,H1
soft,1218,1220,,,H2
soft,1220,1221,,,H1
soft,1224,1225,,,H1
soft,1224,1227,,,H2
soft,1228,1229,,,H1
soft,1230,1232,,,H2
soft,1232,1233,,,H1
soft,1236,1237,,,H1
soft,1236,1239,,,H2
soft,1240,1241,,,H1
soft,1242,1244,,,H2
soft,1244,1245,,,H1
soft,1248,1249,,,H1
soft,1248,1251,,,H2
soft,1252,1253,,,H1
soft,1254,1256,,,H2
soft,1256,1257,,,H1
soft,1260,1261,,,H1
soft,1260,1263,,,H2
soft,1264,1265,,,H1
soft,1266,1268,,,H2
soft,1268,1269,,,H1
soft,1272,1273,,,H1
soft,1272,1275,,,H2
soft,1276,1277,,,H1
soft,1278,1280,,,H2
soft,1280,1281,,,H1
soft,1284,1285,,,H1
soft,1284,1287,,,H2
soft,1288,1289,,,H1
soft,1290,1292,,,H2
soft,1292,1293,,,H1
soft,1296,1297,,,H1
soft,1296,1299,,,H2
soft,1300,1301,,,H1
soft,1302,1304,,,H2
soft,1304,1305,,,H1
soft,1308,1309,,,H1
soft,1308,1311,,,H2
soft,1312,1313,,,H1
soft,1314,1316,,,H2
soft,1316,1317,,,H1
soft,1320,1321,,,H1
soft,1320,1323,,,H2
soft,1324,1325,,,H1
soft,1326,1328,,,H2
soft,1328,1329,,,H1
soft,1332,1333,,,H1
soft,1332,1335,,,H2
soft,1336,1337,,,H1
soft,1338,1340,,,H2
soft,1340,1341,,,H1
soft,1344,1345,,,H1
soft,1344,1347,,,H2
soft,1348,1349,,,H1
soft,1350,1352,,,H2
soft,1352,1353,,,H1
soft,1356,1357,,,H1
soft,1356,1359,,,H2
soft,1360,1361,,,H1
soft,1362,1364,,,H2
soft,1364,1365,,,H1
soft,1368,1369,,,H1
soft,1368,1371,,,H2
soft,1372,1373,,,H1
soft,1374,1376,,,H2
soft,1376,1377,,,H1
soft,1380,1381,,,H1
soft,1380,1383,,,H2
soft,1384,1385,,,H1
soft,1386,1388,,,H2
soft,1388,1389,,,H1
soft,1392,1393,,,H1
soft,1392,1395,,,H2
soft,1396,1397,,,H1
soft,1398,1400,,,H2
soft,1400,1401,,,H1
soft,1404,1405,,,H1
soft,1404,1407,,,H2
soft,1408,1409,,,H1
soft,1410,1412,,,H2
soft,1412,1413,,,H1
soft,1416,1417,,,H1
soft,1416,1419,,,H2
soft,1420,1421,,,H1
soft,1422,1424,,,H2
soft,1424,1425,,,H1
soft,1428,1429,,,H1
soft,1428,1431,,,H2
soft,1432,1433,,,H1
soft,1434,1436,,,H2
soft,1436,1437,,,H1
soft,1440,1441,,,H1
soft,1440,1443,,,H2
soft,1444,1445,,,H1
soft,1446,1448,,,H2
soft,1448,1449,,,H1
soft,1452,1453,,,H1
soft,1452,1455,,,H2
soft,1456,1457,,,H1
soft,1458,1460,,,H2
soft,1460,1461,,,H1
soft,1464,1465,,,H1
soft,1464,1467,,,H2
soft,1468,1469,,,H1
soft,1470,1472,,,H2
soft,1472,1473,,,H1
soft,1476,1477,,,H1
soft,1476,1479,,,H2
soft,1480,1481,,,H1
soft,1482,1484,,,H2
soft,1484,1485,,,H1
soft,1488,1489,,,H1
soft,1488,1491,,,H2
soft,1492,1493,,,H1
soft,1494,1496,,,H2
soft,1496,1497,,,H1
soft,1500,1501,,,H1
soft,1500,1503,,,H2
soft,1504,1505,,,H1
soft,1506,1508,,,H2
soft,1508,1509,,,H1
soft,1512,1513,,,H1
soft,1512,1515,,,H2
soft,1516,1517,,,H1
soft,1518,1520,,,H2
soft,1520,1521,,,H1
soft,1524,1525,,,H1
soft,1524,1527,,,H2
soft,1528,1529,,,H1
soft,1530,1532,,,H2
soft,1532,1533,,,H1
soft,1536,1537,,,H1
soft,1536,1539,,,H2
soft,1540,1541,,,H1
soft,1542,1544,,,H2
soft,1544,1545,,,H1
soft,1548,1549,,,H1
soft,1548,1551,,,H2
soft,1552,1553,,,H1
soft,1554,1556,,,H2
soft,1556,1557,,,H1
soft,1560,1561,,,H1
soft,1560,1563,,,H2
soft,1564,1565,,,H1
soft,1566,1568,,,H2
soft,1568,1569,,,H1
soft,1572,1573,,,H1
soft,1572,1575,,,H2
soft,1576,1577,,,H1
soft,1578,1580,,,H2
soft,1580,1581,,,H1
soft,1584,1585,,,H1
soft,1584,1587,,,H2
soft,1588,1589,,,H1
soft,1590,1592,,,H2
soft,1592,1593,,,H1
soft,1596,1597,,,H1
soft,1596,1599,,,H2
soft,1600,1601,,,H1
soft,1602,1604,,,H2
soft,1604,1605,,,H1
soft,1608,1609,,,H1
soft,1608,1611,,,H2
soft,1612,1613,,,H1
soft,1614,1616,,,H2
soft,1616,1617,,,H1
soft,1620,1621,,,H1
soft,1620,1623,,,H2
soft,1624,1625,,,H1
soft,1626,1628,,,H2
soft,1628,1629,,,H1
soft,1632,1633,,,H1
soft,1632,1635,,,H2
soft,1636,1637,,,H1
soft,1638,1640,,,H2
soft,1640,1641,,,H1
soft,1644,1645,,,H1
soft,1644,1647,,,H2
soft,1648,1649,,,H1
soft,1650,1652,,,H2
soft,1652,1653,,,H1
soft,1656,1657,,,H1
soft,1656,1659,,,H2
soft,1660,1661,,,H1
soft,1662,1664,,,H2
soft,1664,1665,,,H1
soft,1668,1669,,,H1
soft,1668,1671,,,H2
soft,1672,1673,,,H1
soft,1674,1676,,,H2
soft,1676,1677,,,H1
soft,1680,1681,,,H1
soft,1680,1683,,,H2
soft,1684,1685,,,H1
soft,1686,1688,,,H2
soft,1688,1689,,,H1
soft,1692,1693,,,H1
soft,1692,1695,,,H2
soft,1696,1697,,,H1
soft,1698,1700,,,H2
soft,1700,1701,,,H1
soft,1704,1705,,,H1
soft,1704,1707,,,H2
soft,1708,1709,,,H1
soft,1710,1712,,,H2
soft,1712,1713,,,H1
soft,1716,1717,,,H1
soft,1716,1719,,,H2
soft,1720,1721,,,H1
soft,1722,1724,,,H2
soft,1724,1725,,,H1
soft,1728,1729,,,H1
soft,1728,1731,,,H2
soft,1732,1733,,,H1
soft,1734,1736,,,H2
soft,1736,1737,,,H1
soft,1740,1741,,,H1
soft,1740,1743,,,H2
soft,1744,1745,,,H1
soft,1746,1748,,,H2
soft,1748,1749,,,H1
soft,1752,1753,,,H1
soft,1752,1755,,,H2
soft,1756,1757,,,H1
soft,1758,1760,,,H2
soft,1760,1761,,,H1
soft,1764,1765,,,H1
soft,1764,1767,,,H2
soft,1768,1769,,,H1
soft,1770,1772,,,H2
soft,1772,1773,,,H1
soft,1776,1777,,,H1
soft,1776,1779,,,H2
soft,1780,1781,,,H1
soft,1782,1784,,,H2
soft,1784,1785,,,H1
soft,1788,1789,,,H1
soft,1788,1791,,,H2
soft,1792,1793,,,H1
soft,1794,1796,,,H2
soft,1796,1797,,,H1
soft,1800,1801,,,H1
soft,1800,1803,,,H2
soft,1804,1805,,,H1
soft,1806,1808,,,H2
soft,1808,1809,,,H1
soft,1812,1813,,,H1
soft,1812,1815,,,H2
soft,1816,1817,,,H1
soft,1818,1820,,,H2
soft,1820,1821,,,H1
soft,1824,1825,,,H1
soft,1824,1827,,,H2
soft,1828,1829,,,H1
soft,1830,1832,,,H2
soft,1832,1833,,,H1
soft,1836,1837,,,H1
soft,1836,1839,,,H2
soft,1840,1841,,,H1
soft,1842,1844,,,H2
soft,1844,1845,,,H1
soft,1848,1849,,,H1
soft,1848,1851,,,H2
soft,1852,1853,,,H1
soft,1854,1856,,,H2
soft,1856,1857,,,H1
soft,1860,1861,,,H1
soft,1860,1863,,,H2
soft,1864,1865,,,H1
soft,1866,1868,,,H2
soft,1868,1869,,,H1
soft,1872,1873,,,H1
soft,1872,1875,,,H2
soft,1876,1877,,,H1
soft,1878,1880,,,H2
soft,1880,1881,,,H1
soft,1884,1885,,,H1
soft,1884,1887,,,H2
soft,1888,1889,,,H1
soft,1890,1892,,,H2
soft,1892,1893,,,H1
soft,1896,1897,,,H1
soft,1896,1899,,,H2
soft,1900,1901,,,H1
soft,1902,1904,,,H2
soft,1904,1905,,,H1
soft,1908,1909,,,H1
soft,1908,1911,,,H2
soft,1912,1913,,,H1
soft,1914,1916,,,H2
soft,1916,1917,,,H1
soft,1920,1921,,,H1
soft,1920,1923,,,H2
soft,1924,1925,,,H1
soft,1926,1928,,,H2
soft,1928,1929,,,H1
soft,1932,1933,,,H1
soft,1932,1935,,,H2
soft,1936,1937,,,H1
soft,1938,1940,,,H2
soft,1940,1941,,,H1
soft,1944,1945,,,H1
soft,1944,1947,,,H2
soft,1948,1949,,,H1
soft,1950,1952,,,H2
soft,1952,1953,,,H1
soft,1956,1957,,,H1
soft,1956,1959,,,H2
soft,1960,1961,,,H1
soft,1962,1964,,,H2
soft,1964,1965,,,H1
soft,1968,1969,,,H1
soft,1968,1971,,,H2
soft,1972,1973,,,H1
soft,1974,1976,,,H2
soft,1976,1977,,,H1
soft,1980,1981,,,H1
soft,1980,1983,,,H2
soft,1984,1985,,,H1
soft,1986,1988,,,H2
soft,1988,1989,,,H1
soft,1992,1993,,,H1
soft,1992,1995,,,H2
soft,1996,1997,,,H1
soft,1998,2000,,,H2
soft,2000,2001,,,H1
soft,2004,2005,,,H1
soft,2004,2007,,,H2
soft,2008,2009,,,H1
soft,2010,2012,,,H2
soft,2012,2013,,,H1
soft,2016,2017,,,H1
soft,2016,2019,,,H2
soft,2020,2021,,,H1
soft,2022,2024,,,H2
soft,2024,2025,,,H1
soft,2028,2029,,,H1
soft,2028,2031,,,H2
soft,2032,2033,,,H1
soft,2034,2036,,,H2
soft,2036,2037,,,H1
soft,2040,2041,,,H1
soft,2040,2043,,,H2
soft,2044,2045,,,H1
soft,2046,2048,,,H2
soft,2048,2049,,,H1
soft,2052,2053,,,H1
soft,2052,2055,,,H2
soft,2056,2057,,,H1
soft,2058,2060,,,H2
soft,2060,2061,,,H1
soft,2064,2065,,,H1
soft,2064,2067,,,H2
soft,2068,2069,,,H1
soft,2070,2072,,,H2
soft,2072,2073,,,H1
soft,2076,2077,,,H1
soft,2076,2079,,,H2
soft,2080,2081,,,H1
soft,2082,2084,,,H2
soft,2084,2085,,,H1
soft,2088,2089,,,H1
soft,2088,2091,,,H2
soft,2092,2093,,,H1
soft,2094,2096,,,H2
soft,2096,2097,,,H1
soft,2100,2101,,,H1
soft,2100,2103,,,H2
soft,2104,2105,,,H1
soft,2106,2108,,,H2
soft,2108,2109,,,H1
soft,2112,2113,,,H1
soft,2112,2115,,,H2
soft,2116,2117,,,H1
soft,2118,2120,,,H2
soft,2120,2121,,,H1
soft,2124,2125,,,H1
soft,2124,2127,,,H2
soft,2128,2129,,,H1
soft,2130,2132,,,H2
soft,2132,2133,,,H1
soft,2136,2137,,,H1
soft,2136,2139,,,H2
soft,2140,2141,,,H1
soft,2142,2144,,,H2
soft,2144,2145,,,H1
soft,2148,2149,,,H1
soft,2148,2151,,,H2
soft,2152,2153,,,H1
soft,2154,2156,,,H2
soft,2156,2157,,,H1
soft,2160,2161,,,H1
soft,2160,2163,,,H2
soft,2164,2165,,,H1
soft,2166,2168,,,H2
soft,2168,2169,,,H1
soft,2172,2173,,,H1
soft,2172,2175,,,H2
soft,2176,2177,,,H1
soft,2178,2180,,,H2
soft,2180,2181,,,H1
soft,2184,2185,,,H1
soft,2184,2187,,,H2
soft,2188,2189,,,H1
soft,2190,2192,,,H2
soft,2192,2193,,,H1
soft,2196,2197,,,H1
soft,2196,2199,,,H2
soft,2200,2201,,,H1
soft,2202,2204,,,H2
soft,2204,2205,,,H1
soft,2208,2209,,,H1
soft,2208,2211,,,H2
soft,2212,2213,,,H1
soft,2214,2216,,,H2
soft,2216,2217,,,H1
soft,2220,2221,,,H1
soft,2220,2223,,,H2
soft,2224,2225,,,H1
soft,2226,2228,,,H2
soft,2228,2229,,,H1
soft,2232,2233,,,H1
soft,2232,2235,,,H2
soft,2236,2237,,,H1
soft,2238,2240,,,H2
soft,2240,2241,,,H1
soft,2244,2245,,,H1
soft,2244,2247,,,H2
soft,2248,2249,,,H1
soft,2250,2252,,,H2
soft,2252,2253,,,H1
soft,2256,2257,,,H1
soft,2256,2259,,,H2
soft,2260,2261,,,H1
soft,2262,2264,,,H2
soft,2264,2265,,,H1
soft,2268,2269,,,H1
soft,2268,2271,,,H2
soft,2272,2273,,,H1
soft,2274,2276,,,H2
soft,2276,2277,,,H1
soft,2280,2281,,,H1
soft,2280,2283,,,H2
soft,2284,2285,,,H1
soft,2286,2288,,,H2
soft,2288,2289,,,H1
soft,2292,2293,,,H1
soft,2292,2295,,,H2
soft,2296,2297,,,H1
soft,2298,2300,,,H2
soft,2300,2301,,,H1
soft,2304,2305,,,H1
soft,2304,2307,,,H2
soft,2308,2309,,,H1
soft,2310,2312,,,H2
soft,2312,2313,,,H1
soft,2316,2317,,,H1
soft,2316,2319,,,H2
soft,2320,2321,,,H1
soft,2322,2324,,,H2
soft,2324,2325,,,H1
soft,2328,2329,,,H1
soft,2328,2331,,,H2
soft,2332,2333,,,H1
soft,2334,2336,,,H2
soft,2336,2337,,,H1
soft,2340,2341,,,H1
soft,2340,2343,,,H2
soft,2344,2345,,,H1
soft,2346,2348,,,H2
soft,2348,2349,,,H1
soft,2352,2353,,,H1
soft,2352,2355,,,H2
soft,2356,2357,,,H1
soft,2358,2360,,,H2
soft,2360,2361,,,H1
soft,2364,2365,,,H1
soft,2364,2367,,,H2
soft,2368,2369,,,H1
soft,2370,2372,,,H2
soft,2372,2373,,,H1
soft,2376,2377,,,H1
soft,2376,2379,,,H2
soft,2380,2381,,,H1
soft,2382,2384,,,H2
soft,2384,2385,,,H1
soft,2388,2389,,,H1
soft,2388,2391,,,H2
soft,2392,2393,,,H1
soft,2394,2396,,,H2
soft,2396,2397,,,H1
soft,2400,2401,,,H1
soft,2400,2403,,,H2
soft,2404,2405,,,H1
soft,2406,2408,,,H2
soft,2408,2409,,,H1
soft,2412,2413,,,H1
soft,2412,2415,,,H2
soft,2416,2417,,,H1
soft,2418,2420,,,H2
soft,2420,2421,,,H1
soft,2424,2425,,,H1
soft,2424,2427,,,H2
soft,2428,2429,,,H1
soft,2430,2432,,,H2
soft,2432,2433,,,H1
soft,2436,2437,,,H1
soft,2436,2439,,,H2
soft,2440,2441,,,H1
soft,2442,2444,,,H2
soft,2444,2445,,,H1
soft,2448,2449,,,H1
soft,2448,2451,,,H2
soft,2452,2453,,,H1
soft,2454,2456,,,H2
soft,2456,2457,,,H1
soft,2460,2461,,,H1
soft,2460,2463,,,H2
soft,2464,2465,,,H1
soft,2466,2468,,,H2
soft,2468,2469,,,H1
soft,2472,2473,,,H1
soft,2472,2475,,,H2
soft,2476,2477,,,H1
soft,2478,2480,,,H2
soft,2480,2481,,,H1
soft,2484,2485,,,H1
soft,2484,2487,,,H2
soft,2488,2489,,,H1
soft,2490,2492,,,H2
soft,2492,2493,,,H1
soft,2496,2497,,,H1
soft,2496,2499,,,H2
soft,2500,2501,,,H1
soft,2502,2504,,,H2
soft,2504,2505,,,H1
soft,2508,2509,,,H1
soft,2508,2511,,,H2
soft,2512,2513,,,H1
soft,2514,2516,,,H2
soft,2516,2517,,,H1
soft,2520,2521,,,H1
soft,2520,2523,,,H2
soft,2524,2525,,,H1
soft,2526,2528,,,H2
soft,2528,2529,,,H1
soft,2532,2533,,,H1
soft,2532,2535,,,H2
soft,2536,2537,,,H1
soft,2538,2540,,,H2
soft,2540,2541,,,H1
soft,2544,2545,,,H1
soft,2544,2547,,,H2
soft,2548,2549,,,H1
soft,2550,2552,,,H2
soft,2552,2553,,,H1
soft,2556,2557,,,H1
soft,2556,2559,,,H2
soft,2560,2561,,,H1
soft,2562,2564,,,H2
soft,2564,2565,,,H1
soft,2568,2569,,,H1
soft,2568,2571,,,H2
soft,2572,2573,,,H1
soft,2574,2576,,,H2
soft,2576,2577,,,H1
soft,2580,2581,,,H1
soft,2580,2583,,,H2
soft,2584,2585,,,H1
soft,2586,2588,,,H2
soft,2588,2589,,,H1
soft,2592,2593,,,H1
soft,2592,2595,,,H2
soft,2596,2597,,,H1
soft,2598,2600,,,H2
soft,2600,2601,,,H1
soft,2604,2605,,,H1
soft,2604,2607,,,H2
soft,2608,2609,,,H1
soft,2610,2612,,,H2
soft,2612,2613,,,H1
soft,2616,2617,,,H1
soft,2616,2619,,,H2
soft,2620,2621,,,H1
soft,2622,2624,,,H2
soft,2624,2625,,,H1
soft,2628,2629,,,H1
soft,2628,2631,,,H2
soft,2632,2633,,,H1
soft,2634,2636,,,H2
soft,2636,2637,,,H1
soft,2640,2641,,,H1
soft,2640,2643,,,H2
soft,2644,2645,,,H1
soft,2646,2648,,,H2
soft,2648,2649,,,H1
soft,2652,2653,,,H1
soft,2652,2655,,,H2
soft,2656,2657,,,H1
soft,2658,2660,,,H2
soft,2660,2661,,,H1
soft,2664,2665,,,H1
soft,2664,2667,,,H2
soft,2668,2669,,,H1
soft,2670,2672,,,H2
soft,2672,2673,,,H1
soft,2676,2677,,,H1
soft,2676,2679,,,H2
soft,2680,2681,,,H1
soft,2682,2684,,,H2
soft,2684,2685,,,H1
soft,2688,2689,,,H1
soft,2688,2691,,,H2
soft,2692,2693,,,H1
soft,2694,2696,,,H2
soft,2696,2697,,,H1
soft,2700,2701,,,H1
soft,2700,2703,,,H2
soft,2704,2705,,,H1
soft,2706,2708,,,H2
soft,2708,2709,,,H1
soft,2712,2713,,,H1
soft,2712,2715,,,H2
soft,2716,2717,,,H1
soft,2718,2720,,,H2
soft,2720,2721,,,H1
soft,2724,2725,,,H1
soft,2724,2727,,,H2
soft,2728,2729,,,H1
soft,2730,2732,,,H2
soft,2732,2733,,,H1
soft,2736,2737,,,H1
soft,2736,2739,,,H2
soft,2740,2741,,,H1
soft,2742,2744,,,H2
soft,2744,2745,,,H1
soft,2748,2749,,,H1
soft,2748,2751,,,H2
soft,2752,2753,,,H1
soft,2754,2756,,,H2
soft,2756,2757,,,H1
soft,2760,2761,,,H1
soft,2760,2763,,,H2
soft,2764,2765,,,H1
soft,2766,2768,,,H2
soft,2768,2769,,,H1
soft,2772,2773,,,H1
soft,2772,2775,,,H2
soft,2776,2777,,,H1
soft,2778,2780,,,H2
soft,2780,2781,,,H1
soft,2784,2785,,,H1
soft,2784,2787,,,H2
soft,2788,2789,,,H1
soft,2790,2792,,,H2
soft,2792,2793,,,H1
soft,2796,2797,,,H1
soft,2796,2799,,,H2
soft,2800,2801,,,H1
soft,2802,2804,,,H2
soft,2804,2805,,,H1
soft,2808,2809,,,H1
soft,2808,2811,,,H2
soft,2812,2813,,,H1
soft,2814,2816,,,H2
soft,2816,2817,,,H1
soft,2820,2821,,,H1
soft,2820,2823,,,H2
soft,2824,2825,,,H1
soft,2826,2828,,,H2
soft,2828,2829,,,H1
soft,2832,2833,,,H1
soft,2832,2835,,,H2
soft,2836,2837,,,H1
soft,2838,2840,,,H2
soft,2840,2841,,,H1
soft,2844,2845,,,H1
soft,2844,2847,,,H2
soft,2848,2849,,,H1
soft,2850,2852,,,H2
soft,2852,2853,,,H1
soft,2856,2857,,,H1
soft,2856,2859,,,H2
soft,2860,2861,,,H1
soft,2862,2864,,,H2
soft,2864,2865,,,H1
soft,2868,2869,,,H1
soft,2868,2871,,,H2
soft,2872,2873,,,H1
soft,2874,2876,,,H2
soft,2876,2877,,,H1
soft,2880,2881,,,H1
soft,2880,2883,,,H2
soft,2884,2885,,,H1
soft,2886,2888,,,H2
soft,2888,2889,,,H1
soft,2892,2893,,,H1
soft,2892,2895,,,H2
soft,2896,2897,,,H1
soft,2898,2900,,,H2
soft,2900,2901,,,H1
soft,2904,2905,,,H1
soft,2904,2907,,,H2
soft,2908,2909,,,H1
soft,2910,2912,,,H2
soft,2912,2913,,,H1
soft,2916,2917,,,H1
soft,2916,2919,,,H2
soft,2920,2921,,,H1
soft,2922,2924,,,H2
soft,2924,2925,,,H1
soft,2928,2929,,,H1
soft,2928,2931,,,H2
soft,2932,2933,,,H1
soft,2934,2936,,,H2
soft,2936,2937,,,H1
soft,2940,2941,,,H1
soft,2940,2943,,,H2
soft,2944,2945,,,H1
soft,2946,2948,,,H2
soft,2948,2949,,,H1
soft,2952,2953,,,H1
soft,2952,2955,,,H2
soft,2956,2957,,,H1
soft,2958,2960,,,H2
soft,2960,2961,,,H1
soft,2964,2965,,,H1
soft,2964,2967,,,H2
soft,2968,2969,,,H1
soft,2970,2972,,,H2
soft,2972,2973,,,H1
soft,2976,2977,,,H1
soft,2976,2979,,,H2
soft,2980,2981,,,H1
soft,2982,2984,,,H2
soft,2984,2985,,,H1
soft,2988,2989,,,H1
soft,2988,2991,,,H2
soft,2992,2993,,,H1
soft,2994,2996,,,H2
soft,2996,2997,,,H1
soft,3000,3001,,,H1
soft,3000,3003,,,H2
soft,3004,3005,,,H1
soft,3006,3008,,,H2
soft,3008,3009,,,H1
soft,3012,3013,,,H1
soft,3012,3015,,,H2
soft,3016,3017,,,H1
soft,3018,3020,,,H2
soft,3020,3021,,,H1
soft,3024,3025,,,H1
soft,3024,3027,,,H2
soft,3028,3029,,,H1
soft,3030,3032,,,H2
soft,3032,3033,,,H1
soft,3036,3037,,,H1
soft,3036,3039,,,H2
soft,3040,3041,,,H1
soft,3042,3044,,,H2
soft,3044,3045,,,H1
soft,3048,3049,,,H1
soft,3048,3051,,,H2
soft,3052,3053,,,H1
soft,3054,3056,,,H2
soft,3056,3057,,,H1
soft,3060,3061,,,H1
soft,3060,3063,,,H2
soft,3064,3065,,,H1
soft,3066,3068,,,H2
soft,3068,3069,,,H1
soft,3072,3073,,,H1
soft,3072,3075,,,H2
soft,3076,3077,,,H1
soft,3078,3080,,,H2
soft,3080,3081,,,H1
soft,3084,3085,,,H1
soft,3084,3087,,,H2
soft,3088,3089,,,H1
soft,3090,3092,,,H2
soft,3092,3093,,,H1
soft,3096,3097,,,H1
soft,3096,3099,,,H2
soft,3100,3101,,,H1
soft,3102,3104,,,H2
soft,3104,3105,,,H1
soft,3108,3109,,,H1
soft,3108,3111,,,H2
soft,3112,3113,,,H1
soft,3114,3116,,,H2
soft,3116,3117,,,H1
soft,3120,3121,,,H1
soft,3120,3123,,,H2
soft,3124,3125,,,H1
soft,3126,3128,,,H2
soft,3128,3129,,,H1
soft,3132,3133,,,H1
soft,3132,3135,,,H2
soft,3136,3137,,,H1
soft,3138,3140,,,H2
soft,3140,3141,,,H1
soft,3144,3145,,,H1
soft,3144,3147,,,H2
soft,3148,3149,,,H1
soft,3150,3152,,,H2
soft,3152,3153,,,H1
soft,3156,3157,,,H1
soft,3156,3159,,,H2
soft,3160,3161,,,H1
soft,3162,3164,,,H2
soft,3164,3165,,,H1
soft,3168,3169,,,H1
soft,3168,3171,,,H2
soft,3172,3173,,,H1
soft,3174,3176,,,H2
soft,3176,3177,,,H1
soft,3180,3181,,,H1
soft,3180,3183,,,H2
soft,3184,3185,,,H1
soft,3186,3188,,,H2
soft,3188,3189,,,H1
soft,3192,3193,,,H1
soft,3192,3195,,,H2
soft,3196,3197,,,H1
soft,3198,3200,,,H2
soft,3200,3201,,,H1
soft,3204,3205,,,H1
soft,3204,3207,,,H2
soft,3208,3209,,,H1
soft,3210,3212,,,H2
soft,3212,3213,,,H1
soft,3216,3217,,,H1
soft,3216,3219,,,H2
soft,3220,3221,,,H1
soft,3222,3224,,,H2
soft,3224,3225,,,H1
soft,3228,3229,,,H1
soft,3228,3231,,,H2
soft,3232,3233,,,H1
soft,3234,3236,,,H2
soft,3236,3237,,,H1
soft,3240,3241,,,H1
soft,3240,3243,,,H2
soft,3244,3245,,,H1
soft,3246,3248,,,H2
soft,3248,3249,,,H1
soft,3252,3253,,,H1
soft,3252,3255,,,H2
soft,3256,3257,,,H1
soft,3258,3260,,,H2
soft,3260,3261,,,H1
soft,3264,3265,,,H1
soft,3264,3267,,,H2
soft,3268,3269,,,H1
soft,3270,3272,,,H2
soft,3272,3273,,,H1
soft,3276,3277,,,H1
soft,3276,3279,,,H2
soft,3280,3281,,,H1
soft,3282,3284,,,H2
soft,3284,3285,,,H1
soft,3288,3289,,,H1
soft,3288,3291,,,H2
soft,3292,3293,,,H1
soft,3294,3296,,,H2
soft,3296,3297,,,H1
soft,3300,3301,,,H1
soft,3300,3303,,,H2
soft,3304,3305,,,H1
soft,3306,3308,,,H2
soft,3308,3309,,,H1
soft,3312,3313,,,H1
soft,3312,3315,,,H2
soft,3316,3317,,,H1
soft,3318,3320,,,H2
soft,3320,3321,,,H1
soft,3324,3325,,,H1
soft,3324,3327,,,H2
soft,3328,3329,,,H1
soft,3330,3332,,,H2
soft,3332,3333,,,H1
soft,3336,3337,,,H1
soft,3336,3339,,,H2
soft,3340,3341,,,H1
soft,3342,3344,,,H2
soft,3344,3345,,,H1
soft,3348,3349,,,H1
soft,3348,3351,,,H2
soft,3352,3353,,,H1
soft,3354,3356,,,H2
soft,3356,3357,,,H1
soft,3360,3361,,,H1
soft,3360,3363,,,H2
soft,3364,3365,,,H1
soft,3366,3368,,,H2
soft,3368,3369,,,H1
soft,3372,3373,,,H1
soft,3372,3375,,,H2
soft,3376,3377,,,H1
soft,3378,3380,,,H2
soft,3380,3381,,,H1
soft,3384,3385,,,H1
soft,3384,3387,,,H2
soft,3388,3389,,,H1
soft,3390,3392,,,H2
soft,3392,3393,,,H1
soft,3396,3397,,,H1
soft,3396,3399,,,H2
soft,3400,3401,,,H1
soft,3402,3404,,,H2
soft,3404,3405,,,H1
soft,3408,3409,,,H1
soft,3408,3411,,,H2
soft,3412,3413,,,H1
soft,3414,3416,,,H2
soft,3416,3417,,,H1
soft,3420,3421,,,H1
soft,3420,3423,,,H2
soft,3424,3425,,,H1
soft,3426,3428,,,H2
soft,3428,3429,,,H1
soft,3432,3433,,,H1
soft,3432,3435,,,H2
soft,3436,3437,,,H1
soft,3438,3440,,,H2
soft,3440,3441,,,H1
soft,3444,3445,,,H1
soft,3444,3447,,,H2
soft,3448,3449,,,H1
soft,3450,3452,,,H2
soft,3452,3453,,,H1
soft,3456,3457,,,H1
soft,3456,3459,,,H2
soft,3460,3461,,,H1
soft,3462,3464,,,H2
soft,3464,3465,,,H1
soft,3468,3469,,,H1
soft,3468,3471,,,H2
soft,3472,3473,,,H1
soft,3474,3476,,,H2
soft,3476,3477,,,H1
soft,3480,3481,,,H1
soft,3480,3483,,,H2
soft,3484,3485,,,H1
soft,3486,3488,,,H2
soft,3488,3489,,,H1
soft,3492,3493,,,H1
soft,3492,3495,,,H2
soft,3496,3497,,,H1
soft,3498,3500,,,H2
soft,3500,3501,,,H1
soft,3504,3505,,,H1
soft,3504,3507,,,H2
soft,3508,3509,,,H1
soft,3510,3512,,,H2
soft,3512,3513,,,H1
soft,3516,3517,,,H1
soft,3516,3519,,,H2
soft,3520,3521,,,H1
soft,3522,3524,,,H2
soft,3524,3525,,,H1
soft,3528,3529,,,H1
soft,3528,3531,,,H2
soft,3532,3533,,,H1
soft,3534,3536,,,H2
soft,3536,3537,,,H1
soft,3540,3541,,,H1
soft,3540,3543,,,H2
soft,3544,3545,,,H1
soft,3546,3548,,,H2
soft,3548,3549,,,H1
soft,3552,3553,,,H1
soft,3552,3555,,,H2
soft,3556,3557,,,H1
soft,3558,3560,,,H2
soft,3560,3561,,,H1
soft,3564,3565,,,H1
soft,3564,3567,,,H2
soft,3568,3569,,,H1
soft,3570,3572,,,H2
soft,3572,3573,,,H1
soft,3576,3577,,,H1
soft,3576,3579,,,H2
soft,3580,3581,,,H1
soft,3582,3584,,,H2
soft,3584,3585,,,H1
soft,3588,3589,,,H1
soft,3588,3591,,,H2
soft,3592,3593,,,H1
soft,3594,3596,,,H2
soft,3596,3597,,,H1
soft,3600,3601,,,H1
soft,3600,3603,,,H2
soft,3604,3605,,,H1
soft,3606,3608,,,H2
soft,3608,3609,,,H1
soft,3612,3613,,,H1
soft,3612,3615,,,H2
soft,3616,3617,,,H1
soft,3618,3620,,,H2
soft,3620,3621,,,H1
soft,3624,3625,,,H1
soft,3624,3627,,,H2
soft,3628,3629,,,H1
soft,3630,3632,,,H2
soft,3632,3633,,,H1
soft,3636,3637,,,H1
soft,3636,3639,,,H2
soft,3640,3641,,,H1
soft,3642,3644,,,H2
soft,3644,3645,,,H1
soft,3648,3649,,,H1
soft,3648,3651,,,H2
soft,3652,3653,,,H1
soft,3654,3656,,,H2
soft,3656,3657,,,H1
soft,3660,3661,,,H1
soft,3660,3663,,,H2
soft,3664,3665,,,H1
soft,3666,3668,,,H2
soft,3668,3669,,,H1
soft,3672,3673,,,H1
soft,3672,3675,,,H2
soft,3676,3677,,,H1
soft,3678,3680,,,H2
soft,3680,3681,,,H1
soft,3684,3685,,,H1
soft,3684,3687,,,H2
soft,3688,3689,,,H1
soft,3690,3692,,,H2
soft,3692,3693,,,H1
soft,3696,3697,,,H1
soft,3696,3699,,,H2
soft,3700,3701,,,H1
soft,3702,3704,,,H2
soft,3704,3705,,,H1
soft,3708,3709,,,H1
soft,3708,3711,,,H2
soft,3712,3713,,,H1
soft,3714,3716,,,H2
soft,3716,3717,,,H1
soft,3720,3721,,,H1
soft,3720,3723,,,H2
soft,3724,3725,,,H1
soft,3726,3728,,,H2
soft,3728,3729,,,H1
soft,3732,3733,,,H1
soft,3732,3735,,,H2
soft,3736,3737,,,H1
soft,3738,3740,,,H2
soft,3740,3741,,,H1
soft,3744,3745,,,H1
soft,3744,3747,,,H2
soft,3748,3749,,,H1
soft,3750,3752,,,H2
soft,3752,3753,,,H1
soft,3756,3757,,,H1
soft,3756,3759,,,H2
soft,3760,3761,,,H1
soft,3762,3764,,,H2
soft,3764,3765,,,H1
soft,3768,3769,,,H1
soft,3768,3771,,,H2
soft,3772,3773,,,H1
soft,3774,3776,,,H2
soft,3776,3777,,,H1
soft,3780,3781,,,H1
soft,3780,3783,,,H2
soft,3784,3785,,,H1
soft,3786,3788,,,H2
soft,3788,3789,,,H1
soft,3792,3793,,,H1
soft,3792,3795,,,H2
soft,3796,3797,,,H1
soft,3798,3800,,,H2
soft,3800,3801,,,H1
soft,3804,3805,,,H1
soft,3804,3807,,,H2
soft,3808,3809,,,H1
soft,3810,3812,,,H2
soft,3812,3813,,,H1
soft,3816,3817,,,H1
soft,3816,3819,,,H2
soft,3820,3821,,,H1
soft,3822,3824,,,H2
soft,3824,3825,,,H1
soft,3828,3829,,,H1
soft,3828,3831,,,H2
soft,3832,3833,,,H1
soft,3834,3836,,,H2
soft,3836,3837,,,H1
soft,3840,3841,,,H1
soft,3840,3843,,,H2
soft,3844,3845,,,H1
soft,3846,3848,,,H2
soft,3848,3849,,,H1
soft,3852,3853,,,H1
soft,3852,3855,,,H2
soft,3856,3857,,,H1
soft,3858,3860,,,H2
soft,3860,3861,,,H1
soft,3864,3865,,,H1
soft,3864,3867,,,H2
soft,3868,3869,,,H1
soft,3870,3872,,,H2
soft,3872,3873,,,H1
soft,3876,3877,,,H1
soft,3876,3879,,,H2
soft,3880,3881,,,H1
soft,3882,3884,,,H2
soft,3884,3885,,,H1
soft,3888,3889,,,H1
soft,3888,3891,,,H2
soft,3892,3893,,,H1
soft,3894,3896,,,H2
soft,3896,3897,,,H1
soft,3900,3901,,,H1
soft,3900,3903,,,H2
soft,3904,3905,,,H1
soft,3906,3908,,,H2
soft,3908,3909,,,H1
soft,3912,3913,,,H1
soft,3912,3915,,,H2
soft,3916,3917,,,H1
soft,3918,3920,,,H2
soft,3920,3921,,,H1
soft,3924,3925,,,H1
soft,3924,3927,,,H2
soft,3928,3929,,,H1
soft,3930,3932,,,H2
soft,3932,3933,,,H1
soft,3936,3937,,,H1
soft,3936,3939,,,H2
soft,3940,3941,,,H1
soft,3942,3944,,,H2
soft,3944,3945,,,H1
soft,3948,3949,,,H1
soft,3948,3951,,,H2
soft,3952,3953,,,H1
soft,3954,3956,,,H2
soft,3956,3957,,,H1
soft,3960,3961,,,H1
soft,3960,3963,,,H2
soft,3964,3965,,,H1
soft,3966,3968,,,H2
soft,3968,3969,,,H1
soft,3972,3973,,,H1
soft,3972,3975,,,H2
soft,3976,3977,,,H1
soft,3978,3980,,,H2
soft,3980,3981,,,H1
soft,3984,3985,,,H1
soft,3984,3987,,,H2
soft,3988,3989,,,H1
soft,3990,3992,,,H2
soft,3992,3993,,,H1
soft,3996,3997,,,H1
soft,3996,3999,,,H2
soft,4000,4001,,,H1
soft,4002,4004,,,H2
soft,4004,4005,,,H1
soft,4008,4009,,,H1
soft,4008,4011,,,H2
soft,4012,4013,,,H1
soft,4014,4016,,,H2
soft,4016,4017,,,H1
soft,4020,4021,,,H1
soft,4020,4023,,,H2
soft,4024,4025,,,H1
soft,4026,4028,,,H2
soft,4028,4029,,,H1
soft,4032,4033,,,H1
soft,4032,4035,,,H2
soft,4036,4037,,,H1
soft,4038,4040,,,H2
soft,4040,4041,,,H1
soft,4044,4045,,,H1
soft,4044,4047,,,H2
soft,4048,4049,,,H1
soft,4050,4052,,,H2
soft,4052,4053,,,H1
soft,4056,4057,,,H1
soft,4056,4059,,,H2
soft,4060,4061,,,H1
soft,4062,4064,,,H2
soft,4064,4065,,,H1
soft,4068,4069,,,H1
soft,4068,4071,,,H2
soft,4072,4073,,,H1
soft,4074,4076,,,H2
soft,4076,4077,,,H1
soft,4080,4081,,,H1
soft,4080,4083,,,H2
soft,4084,4085,,,H1
soft,4086,4088,,,H2
soft,4088,4089,,,H1
soft,4092,4093,,,H1
soft,4092,4095,,,H2
soft,4096,4097,,,H1
soft,4098,4100,,,H2
soft,4100,4101,,,H1
soft,4104,4105,,,H1
soft,4104,4107,,,H2
soft,4108,4109,,,H1
soft,4110,4112,,,H2
soft,4112,4113,,,H1
soft,4116,4117,,,H1
soft,4116,4119,,,H2
soft,4120,4121,,,H1
soft,4122,4124,,,H2
soft,4124,4125,,,H1
soft,4128,4129,,,H1
soft,4128,4131,,,H2
soft,4132,4133,,,H1
soft,4134,4136,,,H2
soft,4136,4137,,,H1
soft,4140,4141,,,H1
soft,4140,4143,,,H2
soft,4144,4145,,,H1
soft,4146,4148,,,H2
soft,4148,4149,,,H1
soft,4152,4153,,,H1
soft,4152,4155,,,H2
soft,4156,4157,,,H1
soft,4158,4160,,,H2
soft,4160,4161,,,H1
soft,4164,4165,,,H1
soft,4164,4167,,,H2
soft,4168,4169,,,H1
soft,4170,4172,,,H2
soft,4172,4173,,,H1
soft,4176,4177,,,H1
soft,4176,4179,,,H2
soft,4180,4181,,,H1
soft,4182,4184,,,H2
soft,4184,4185,,,H1
soft,4188,4189,,,H1
soft,4188,4191,,,H2
soft,4192,4193,,,H1
soft,4194,4196,,,H2
soft,4196,4197,,,H1
soft,4200,4201,,,H1
soft,4200,4203,,,H2
soft,4204,4205,,,H1
soft,4206,4208,,,H2
soft,4208,4209,,,H1
soft,4212,4213,,,H1
soft,4212,4215,,,H2
soft,4216,4217,,,H1
soft,4218,4220,,,H2
soft,4220,4221,,,H1
soft,4224,4225,,,H1
soft,4224,4227,,,H2
soft,4228,4229,,,H1
soft,4230,4232,,,H2
soft,4232,4233,,,H1
soft,4236,4237,,,H1
soft,4236,4239,,,H2
soft,4240,4241,,,H1
soft,4242,4244,,,H2
soft,4244,4245,,,H1
soft,4248,4249,,,H1
soft,4248,4251,,,H2
soft,4252,4253,,,H1
soft,4254,4256,,,H2
soft,4256,4257,,,H1
soft,4260,4261,,,H1
soft,4260,4263,,,H2
soft,4264,4265,,,H1
soft,4266,4268,,,H2
soft,4268,4269,,,H1
soft,4272,4273,,,H1
soft,4272,4275,,,H2
soft,4276,4277,,,H1
soft,4278,4280,,,H2
soft,4280,4281,,,H1
soft,4284,4285,,,H1
soft,4284,4287,,,H2
soft,4288,4289,,,H1
soft,4290,4292,,,H2
soft,4292,4293,,,H1
soft,4296,4297,,,H1
soft,4296,4299,,,H2
soft,4300,4301,,,H1
soft,4302,4304,,,H2
soft,4304,4305,,,H1
soft,4308,4309,,,H1
soft,4308,4311,,,H2
soft,4312,4313,,,H1
soft,4314,4316,,,H2
soft,4316,4317,,,H1
soft,4320,4321,,,H1
soft,4320,4323,,,H2
soft,4324,4325,,,H1
soft,4326,4328,,,H2
soft,4328,4329,,,H1
soft,4332,4333,,,H1
soft,4332,4335,,,H2
soft,4336,4337,,,H1
soft,4338,4340,,,H2
soft,4340,4341,,,H1
soft,4344,4345,,,H1
soft,4344,4347,,,H2
soft,4348,4349,,,H1
soft,4350,4352,,,H2
soft,4352,4353,,,H1
soft,4356,4357,,,H1
soft,4356,4359,,,H2
soft,4360,4361,,,H1
soft,4362,4364,,,H2
soft,4364,4365,,,H1
soft,4368,4369,,,H1
soft,4368,4371,,,H2
soft,4372,4373,,,H1
soft,4374,4376,,,H2
soft,4376,4377,,,H1
soft,4380,4381,,,H1
soft,4380,4383,,,H2
soft,4384,4385,,,H1
soft,4386,4388,,,H2
soft,4388,4389,,,H1
soft,4392,4393,,,H1
soft,4392,4395,,,H2
soft,4396,4397,,,H1
soft,4398,4400,,,H2
soft,4400,4401,,,H1
soft,4404,4405,,,H1
soft,4404,4407,,,H2
soft,4408,4409,,,H1
soft,4410,4412,,,H2
soft,4412,4413,,,H1
soft,4416,4417,,,H1
soft,4416,4419,,,H2
soft,4420,4421,,,H1
soft,4422,4424,,,H2
soft,4424,4425,,,H1
soft,4428,4429,,,H1
soft,4428,4431,,,H2
soft,4432,4433,,,H1
soft,4434,4436,,,H2
soft,4436,4437,,,H1
soft,4440,4441,,,H1
soft,4440,4443,,,H2
soft,4444,4445,,,H1
soft,4446,4448,,,H2
soft,4448,4449,,,H1
soft,4452,4453,,,H1
soft,4452,4455,,,H2
soft,4456,4457,,,H1
soft,4458,4460,,,H2
soft,4460,4461,,,H1
soft,4464,4465,,,H1
soft,4464,4467,,,H2
soft,4468,4469,,,H1
soft,4470,4472,,,H2
soft,4472,4473,,,H1
soft,4476,4477,,,H1
soft,4476,4479,,,H2
soft,4480,4481,,,H1
soft,4482,4484,,,H2
soft,4484,4485,,,H1
soft,4488,4489,,,H1
soft,4488,4491,,,H2
soft,4492,4493,,,H1
soft,4494,4496,,,H2
soft,4496,4497,,,H1
soft,4500,4501,,,H1
soft,4500,4503,,,H2
soft,4504,4505,,,H1
soft,4506,4508,,,H2
soft,4508,4509,,,H1
soft,4512,4513,,,H1
soft,4512,4515,,,H2
soft,4516,4517,,,H1
soft,4518,4520,,,H2
soft,4520,4521,,,H1
soft,4524,4525,,,H1
soft,4524,4527,,,H2
soft,4528,4529,,,H1
soft,4530,4532,,,H2
soft,4532,4533,,,H1
soft,4536,4537,,,H1
soft,4536,4539,,,H2
soft,4540,4541,,,H1
soft,4542,4544,,,H2
soft,4544,4545,,,H1
soft,4548,4549,,,H1
soft,4548,4551,,,H2
soft,4552,4553,,,H1
soft,4554,4556,,,H2
soft,4556,4557,,,H1
soft,4560,4561,,,H1
soft,4560,4563,,,H2
soft,4564,4565,,,H1
soft,4566,4568,,,H2
soft,4568,4569,,,H1
soft,4572,4573,,,H1
soft,4572,4575,,,H2
soft,4576,4577,,,H1
soft,4578,4580,,,H2
soft,4580,4581,,,H1
soft,4584,4585,,,H1
soft,4584,4587,,,H2
soft,4588,4589,,,H1
soft,4590,4592,,,H2
soft,4592,4593,,,H1
soft,4596,4597,,,H1
soft,4596,4599,,,H2
soft,4600,4601,,,H1
soft,4602,4604,,,H2
soft,4604,4605,,,H1
soft,4608,4609,,,H1
soft,4608,4611,,,H2
soft,4612,4613,,,H1
soft,4614,4616,,,H2
soft,4616,4617,,,H1
soft,4620,4621,,,H1
soft,4620,4623,,,H2
soft,4624,4625,,,H1
soft,4626,4628,,,H2
soft,4628,4629,,,H1
soft,4632,4633,,,H1
soft,4632,4635,,,H2
soft,4636,4637,,,H1
soft,4638,4640,,,H2
soft,4640,4641,,,H1
soft,4644,4645,,,H1
soft,4644,4647,,,H2
soft,4648,4649,,,H1
soft,4650,4652,,,H2
soft,4652,4653,,,H1
soft,4656,4657,,,H1
soft,4656,4659,,,H2
soft,4660,4661,,,H1
soft,4662,4664,,,H2
soft,4664,4665,,,H1
soft,4668,4669,,,H1
soft,4668,4671,,,H2
soft,4672,4673,,,H1
soft,4674,4676,,,H2
soft,4676,4677,,,H1
soft,4680,4681,,,H1
soft,4680,4683,,,H2
soft,4684,4685,,,H1
soft,4686,4688,,,H2
soft,4688,4689,,,H1
soft,4692,4693,,,H1
soft,4692,4695,,,H2
soft,4696,4697,,,H1
soft,4698,4700,,,H2
soft,4700,4701,,,H1
soft,4704,4705,,,H1
soft,4704,4707,,,H2
soft,4708,4709,,,H1
soft,4710,4712,,,H2
soft,4712,4713,,,H1
soft,4716,4717,,,H1
soft,4716,4719,,,H2
soft,4720,4721,,,H1
soft,4722,4724,,,H2
soft,4724,4725,,,H1
soft,4728,4729,,,H1
soft,4728,4731,,,H2
soft,4732,4733,,,H1
soft,4734,4736,,,H2
soft,4736,4737,,,H1
soft,4740,4741,,,H1
soft,4740,4743,,,H2
soft,4744,4745,,,H1
soft,4746,4748,,,H2
soft,4748,4749,,,H1
soft,4752,4753,,,H1
soft,4752,4755,,,H2
soft,4756,4757,,,H1
soft,4758,4760,,,H2
soft,4760,4761,,,H1
soft,4764,4765,,,H1
soft,4764,4767,,,H2
soft,4768,4769,,,H1
soft,4770,4772,,,H2
soft,4772,4773,,,H1
soft,4776,4777,,,H1
soft,4776,4779,,,H2
soft,4780,4781,,,H1
soft,4782,4784,,,H2
soft,4784,4785,,,H1
soft,4788,4789,,,H1
soft,4788,4791,,,H2
soft,4792,4793,,,H1
soft,4794,4796,,,H2
soft,4796,4797,,,H1
soft,4800,4801,,,H1
soft,4800,4803,,,H2
soft,4804,4805,,,H1
soft,4806,4808,,,H2
soft,4808,4809,,,H1
soft,4812,4813,,,H1
soft,4812,4815,,,H2
soft,4816,4817,,,H1
soft,4818,4820,,,H2
soft,4820,4821,,,H1
soft,4824,4825,,,H1
soft,4824,4827,,,H2
soft,4828,4829,,,H1
soft,4830,4832,,,H2
soft,4832,4833,,,H1
soft,4836,4837,,,H1
soft,4836,4839,,,H2
soft,4840,4841,,,H1
soft,4842,4844,,,H2
soft,4844,4845,,,H1
soft,4848,4849,,,H1
soft,4848,4851,,,H2
soft,4852,4853,,,H1
soft,4854,4856,,,H2
soft,4856,4857,,,H1
soft,4860,4861,,,H1
soft,4860,4863,,,H2
soft,4864,4865,,,H1
soft,4866,4868,,,H2
soft,4868,4869,,,H1
soft,4872,4873,,,H1
soft,4872,4875,,,H2
soft,4876,4877,,,H1
soft,4878,4880,,,H2
soft,4880,4881,,,H1
soft,4884,4885,,,H1
soft,4884,4887,,,H2
soft,4888,4889,,,H1
soft,4890,4892,,,H2
soft,4892,4893,,,H1
soft,4896,4897,,,H1
soft,4896,4899,,,H2
soft,4900,4901,,,H1
soft,4902,4904,,,H2
soft,4904,4905,,,H1
soft,4908,4909,,,H1
soft,4908,4911,,,H2
soft,4912,4913,,,H1
soft,4914,4916,,,H2
soft,4916,4917,,,H1
soft,4920,4921,,,H1
soft,4920,4923,,,H2
soft,4924,4925,,,H1
soft,4926,4928,,,H2
soft,4928,4929,,,H1
soft,4932,4933,,,H1
soft,4932,4935,,,H2
soft,4936,4937,,,H1
soft,4938,4940,,,H2
soft,4940,4941,,,H1
soft,4944,4945,,,H1
soft,4944,4947,,,H2
soft,4948,4949,,,H1
soft,4950,4952,,,H2
soft,4952,4953,,,H1
soft,4956,4957,,,H1
soft,4956,4959,,,H2
soft,4960,4961,,,H1
soft,4962,4964,,,H2
soft,4964,4965,,,H1
soft,4968,4969,,,H1
soft,4968,4971,,,H2
soft,4972,4973,,,H1
soft,4974,4976,,,H2
soft,4976,4977,,,H1
soft,4980,4981,,,H1
soft,4980,4983,,,H2
soft,4984,4985,,,H1
soft,4986,4988,,,H2
soft,4988,4989,,,H1
soft,4992,4993,,,H1
soft,4992,4995,,,H2
soft,4996,4997,,,H1
soft,4998,5000,,,H2
